Base URL,Start URL
https://dagsorden.assens.dk,https://dagsorden.assens.dk/?request.kriterie.udvalgId=58d91c42-1100-4023-b549-79bbaf08ff8a
https://dagsorden.ballerup.dk,https://dagsorden.ballerup.dk/?request.kriterie.udvalgId=eae205d9-83f4-4b2c-b50d-2003c72307bc
https://dagsorden.halsnaes.dk,https://dagsorden.halsnaes.dk/?request.kriterie.udvalgId=8360559b-a5a0-4309-abac-4c9dc367fa85
https://dagsorden.samsoe.dk,https://dagsorden.samsoe.dk/?request.kriterie.udvalgId=b771c84e-f393-4ea0-b991-daa62ebe2247
https://dagsordener.aabenraa.dk,https://dagsordener.aabenraa.dk/?request.kriterie.udvalgId=f6f9ac7f-01f1-4fab-a90f-71b2e99b13be
https://dagsordener.aarhus.dk,https://dagsordener.aarhus.dk/?request.kriterie.udvalgId=022a7fed-c258-4e8f-bcef-9907791f4c70
https://dagsordener.aeroekommune.dk,https://dagsordener.aeroekommune.dk/?request.kriterie.udvalgId=f847c258-402f-4fa3-8a47-9e704244bb96
https://dagsordener.alleroed.dk,https://dagsordener.alleroed.dk/?request.kriterie.udvalgId=f8551f6e-9b7a-456c-82f6-8dd1319f8266
https://dagsordener.brk.dk,https://dagsordener.brk.dk/?request.kriterie.udvalgId=23a68171-dcba-4904-aad1-21b394ebf812
https://dagsordener.brondby.dk,https://dagsordener.brondby.dk/?request.kriterie.udvalgId=5cae7863-d176-4cd3-97fc-4752e4a2c6b2
https://dagsordener.bronderslev.dk,https://dagsordener.bronderslev.dk/?request.kriterie.udvalgId=fcceeeab-e26a-450a-a009-50d9f5e361f5
https://dagsordener.dragoer.dk,https://dagsordener.dragoer.dk/?request.kriterie.udvalgId=879b67a6-4b8e-4702-a037-6fe77de7fdf3
https://dagsordener.egedalkommune.dk/,https://dagsordener.egedalkommune.dk/?request.kriterie.udvalgId=50331ef3-062e-4e58-a166-a0c11d2b2e26
https://dagsordener.esbjergkommune.dk,https://dagsordener.esbjergkommune.dk/?request.kriterie.udvalgId=7f611852-55fd-4fae-aaa6-a8c5ca44fe51
https://dagsordener.fanoe.dk,https://dagsordener.fanoe.dk/?request.kriterie.udvalgId=8a6fc07d-c752-45ff-a325-9d5e210c4e87
https://dagsordener.favrskov.dk,https://dagsordener.favrskov.dk/?request.kriterie.udvalgId=ba8db537-410e-4dda-8eef-e2650e2a7889
https://dagsordener.faxekommune.dk,https://dagsordener.faxekommune.dk/?request.kriterie.udvalgId=2eb93287-c42f-4450-a8fa-c53b5b8376a1
https://dagsordener.fmk.dk,https://dagsordener.fmk.dk/?request.kriterie.udvalgId=ece07e04-0bbc-4f8d-bf70-d5f81921e9c0
https://dagsordener.fredensborg.dk,https://dagsordener.fredensborg.dk/?request.kriterie.udvalgId=d8b2d7e9-3182-4082-be21-157e1723ccd0
https://dagsordener.frederikshavn.dk,https://dagsordener.frederikshavn.dk/?request.kriterie.udvalgId=ab4ebfc0-f6da-4e3d-9b8a-85de0a21330e
https://dagsordener.gentofte.dk,https://dagsordener.gentofte.dk/?request.kriterie.udvalgId=6faa2e45-1176-4c1e-8015-ab084b0821da
https://dagsordener.gladsaxe.dk,https://dagsordener.gladsaxe.dk/?request.kriterie.udvalgId=ded19e8c-102d-4cea-8782-10d8c97cec0f
https://dagsordener.greve.dk,https://dagsordener.greve.dk/?request.kriterie.udvalgId=49a1c3b3-741b-4c22-86a1-f27bf55df8d1
https://dagsordener.gribskov.dk,https://dagsordener.gribskov.dk/?request.kriterie.udvalgId=f08360b3-194a-491d-bfa9-c68539b10b38
https://dagsordener.guldborgsund.dk,https://dagsordener.guldborgsund.dk/?request.kriterie.udvalgId=6836332b-7ba3-4618-bcb1-420b7732eeb3
https://dagsordener.haderslev.dk,https://dagsordener.haderslev.dk/?request.kriterie.udvalgId=75003c4a-41d9-47f9-b74a-e66ab7441272
https://dagsordener.helsingor.dk,https://dagsordener.helsingor.dk/?request.kriterie.udvalgId=8bc47e30-0657-4fb0-98ed-2fafc9ace660
https://dagsordener.herlev.dk,https://dagsordener.herlev.dk/?request.kriterie.udvalgId=e38e1585-c776-416f-9e73-c04884c7f96f
https://dagsordener.herning.dk,https://dagsordener.herning.dk/?request.kriterie.udvalgId=ef478480-4ba0-4c25-91c3-1898b59a9658
https://dagsordener.hillerod.dk,https://dagsordener.hillerod.dk/?request.kriterie.udvalgId=07300510-0d90-4126-ab01-eb8ec5150ab7
https://dagsordener.hjoerring.dk,https://dagsordener.hjoerring.dk/?request.kriterie.udvalgId=50fd7bf9-a1eb-4fc7-a756-70e9a3f3d54c
https://dagsordener.holbaek.dk,https://dagsordener.holbaek.dk/?request.kriterie.udvalgId=8644aa1b-75cb-4bc5-b435-c0d95f61dce8
https://dagsordener.holstebro.dk,https://dagsordener.holstebro.dk/?request.kriterie.udvalgId=bbff13a0-d859-466f-9e65-ba43e943c493
https://dagsordener.horsens.dk,https://dagsordener.horsens.dk/?request.kriterie.udvalgId=7c8ec82d-1aef-4db8-806f-bb0c8ebc5869
https://dagsordener.horsholm.dk,https://dagsordener.horsholm.dk/?request.kriterie.udvalgId=bcc3ab03-0e46-4c6d-af62-8885f710db2d
https://dagsordener.htk.dk,https://dagsordener.htk.dk/?request.kriterie.udvalgId=949d023d-64b9-4825-978c-6d1879ffee65
https://dagsordener-referater.hvidovre.dk,https://dagsordener-referater.hvidovre.dk/?request.kriterie.udvalgId=b0bb47b3-d588-4192-b90b-237ec0150f78
https://dagsordener.ikast-brande.dk,https://dagsordener.ikast-brande.dk/?request.kriterie.udvalgId=b6684c44-88a9-4157-8b07-952eba87e9b6
https://dagsordener.jammerbugt.dk,https://dagsordener.jammerbugt.dk/?request.kriterie.udvalgId=521713f6-9e83-4c67-8682-ffa923f6b73b
https://dagsordener.kalundborg.dk,https://dagsordener.kalundborg.dk/?request.kriterie.udvalgId=2339a9e2-8bdd-4e65-9f58-2cc61d5d01ec
https://dagsordener.kerteminde.dk,https://dagsordener.kerteminde.dk/?request.kriterie.udvalgId=7628c324-15dd-425c-86f5-3824b868a94d
https://dagsordener.koege.dk,https://dagsordener.koege.dk/?request.kriterie.udvalgId=41d1239a-c519-46c4-ae5f-e21eddf29bfd
https://udvalg.kolding.dk/,https://udvalg.kolding.dk/?request.kriterie.udvalgId=5b5476c4-3610-479b-93b7-831453f146fe
https://dagsordener.laesoe.dk,https://dagsordener.laesoe.dk/?request.kriterie.udvalgId=43a726c7-e87c-419e-9d18-1cda852e7908
https://dagsordener.langelandkommune.dk,https://dagsordener.langelandkommune.dk/?request.kriterie.udvalgId=43d8d1e9-0439-4cd5-a82d-90c8809c798e
https://dagsordener.lejre.dk,https://dagsordener.lejre.dk/?request.kriterie.udvalgId=579c00d8-1aa4-461d-b0bc-a7f8b02219ee
https://dagsordener.lemvig.dk,https://dagsordener.lemvig.dk/?request.kriterie.udvalgId=db87e88b-196a-4eaa-bc5e-85d42794fe0d
https://dagsordener.lolland.dk,https://dagsordener.lolland.dk/?request.kriterie.udvalgId=7d7aeacd-0685-4113-8dab-a10b39407964
https://dagsordener.ltk.dk,https://dagsordener.ltk.dk/?request.kriterie.udvalgId=268ce297-e80b-442a-8cfa-7bc499f3bee6
https://dagsordener.mariagerfjord.dk,https://dagsordener.mariagerfjord.dk/?request.kriterie.udvalgId=c6537f68-8203-4fa5-b2ef-01370559d91b
https://dagsordener.mors.dk/,https://dagsordener.mors.dk/?request.kriterie.udvalgId=d10009b2-2633-4564-9bc1-6950a7911123
https://dagsordener.naestved.dk,https://dagsordener.naestved.dk/?request.kriterie.udvalgId=384f5e59-91f9-476c-8345-f04dd1ef032a
https://dagsordener.nordfynskommune.dk,https://dagsordener.nordfynskommune.dk/?request.kriterie.udvalgId=83ecb243-f5b9-4592-9806-8a88eb6d6f8c
https://dagsordener.nyborg.dk,https://dagsordener.nyborg.dk/?request.kriterie.udvalgId=1354e87c-c137-446a-a5dd-163a742831b6
https://dagsordener.odder.dk,https://dagsordener.odder.dk/?request.kriterie.udvalgId=25ebf6d4-26dd-46fb-8538-62535b1b5d59
https://dagsordener.odense.dk,https://dagsordener.odense.dk/?request.kriterie.udvalgId=0fbb36a4-ffa8-4fd7-9819-9c4ffae923ff
https://dagsordener.odsherred.dk,https://dagsordener.odsherred.dk/?request.kriterie.udvalgId=76abe7fd-248b-4225-804b-04891ae7aadc
https://dagsordener.randers.dk,https://dagsordener.randers.dk/?request.kriterie.udvalgId=df4f8598-2502-4221-9da5-e40263c8da22
https://dagsordener.rebild.dk,https://dagsordener.rebild.dk/?request.kriterie.udvalgId=05b01e18-afe2-4977-ad3e-0d3d0cad8a8c
https://dagsordener.ringsted.dk,https://dagsordener.ringsted.dk/?request.kriterie.udvalgId=24b993f0-fe4a-458b-8384-24923851afa5
https://dagsordener.roskilde.dk,https://dagsordener.roskilde.dk/?request.kriterie.udvalgId=cf6567d4-d8db-4170-b5ac-f1fbbd81a1d6
https://dagsordener.rudersdal.dk,https://dagsordener.rudersdal.dk/?request.kriterie.udvalgId=e706faa4-0ca3-45d8-8499-930fdbe2ab47
https://dagsordener.silkeborg.dk,https://dagsordener.silkeborg.dk/?request.kriterie.udvalgId=20904afc-be0f-4775-94ff-2c4005f200e9
https://dagsordener.skanderborg.dk,https://dagsordener.skanderborg.dk/?request.kriterie.udvalgId=52ce8dec-3a4a-4730-8364-f116e37be123
https://dagsordener.skive.dk,https://dagsordener.skive.dk/?request.kriterie.udvalgId=9f97a47d-85fe-40a1-95b1-a163fdfb013a
https://dagsordener.slagelse.dk,https://dagsordener.slagelse.dk/?request.kriterie.udvalgId=44fd6a1b-93d5-4951-86ec-69e961d62e44
https://dagsordener.solrod.dk,https://dagsordener.solrod.dk/?request.kriterie.udvalgId=728315fd-e2c8-4b5f-9d45-5f38a9ecfc0e
https://dagsordener.sonderborgkommune.dk,https://dagsordener.sonderborgkommune.dk/?request.kriterie.udvalgId=afc945de-e22f-4621-850d-8aeb02fff6b4
https://dagsordener.soroe.dk,https://dagsordener.soroe.dk/?request.kriterie.udvalgId=631fecdd-d70c-4f03-ba2d-b763676733f9
https://dagsordener.stevns.dk,https://dagsordener.stevns.dk/?request.kriterie.udvalgId=f65ba638-39d5-4e29-bfa8-cddde21a76b6
https://dagsordener.struer.dk,https://dagsordener.struer.dk/?request.kriterie.udvalgId=29200432-fff9-4c87-a5eb-2f42d681e2fe
https://dagsordener.taarnby.dk,https://dagsordener.taarnby.dk/?request.kriterie.udvalgId=4f753743-3e29-4857-9a4f-6fa91f391280
https://dagsordener.thisted.dk,https://dagsordener.thisted.dk/?request.kriterie.udvalgId=2800b090-54b0-4819-9629-3cdd347fa996
https://dagsordener.toender.dk,https://dagsordener.toender.dk/?request.kriterie.udvalgId=0f77179e-4db9-4123-8d6b-20efd658381f
https://dagsordener.vallensbaek.dk,https://dagsordener.vallensbaek.dk/?request.kriterie.udvalgId=f1664632-1d97-4114-afc4-88636a118284
https://dagsordener.vardekommune.dk,https://dagsordener.vardekommune.dk/?request.kriterie.udvalgId=7492ba7f-91bf-44df-a31f-f4a815c04ed7
https://dagsordener.vejen.dk,https://dagsordener.vejen.dk/?request.kriterie.udvalgId=5b8ccb23-7097-445c-8256-16624a29c702
https://dagsordener.vejle.dk,https://dagsordener.vejle.dk/?request.kriterie.udvalgId=412f1a55-bd26-4cee-912b-76a766bb7609
https://dagsordener.vesthimmerland.dk,https://dagsordener.vesthimmerland.dk/?request.kriterie.udvalgId=e5cbda28-7d42-46fa-a93f-2d6c87ef5d06
https://dagsordener.viborg.dk,https://dagsordener.viborg.dk/?request.kriterie.udvalgId=737f25e4-b6ed-45e0-b36d-df4f7932ae9c
https://dagsordner.albertslund.dk,https://dagsordner.albertslund.dk/?request.kriterie.udvalgId=503fa81d-6624-456d-aec6-0ba4669a9343
https://dagsordner.fredericia.dk,https://dagsordner.fredericia.dk/?request.kriterie.udvalgId=6935bf01-f9e4-47be-b24d-af01c8da50da
https://dagsordner.vordingborg.dk,https://dagsordner.vordingborg.dk/?request.kriterie.udvalgId=5e754e6b-1652-4722-aa54-bb3d4d24a220
